-- MySQL dump 10.13  Distrib 5.6.30, for debian-linux-gnu (x86_64)
--
-- Host: localhost    Database: skolan
-- ------------------------------------------------------
-- Server version	5.6.30-1

/*!40101 SET @OLD_CHARACTER_SET_CLIENT=@@CHARACTER_SET_CLIENT */;
/*!40101 SET @OLD_CHARACTER_SET_RESULTS=@@CHARACTER_SET_RESULTS */;
/*!40101 SET @OLD_COLLATION_CONNECTION=@@COLLATION_CONNECTION */;
/*!40101 SET NAMES utf8 */;
/*!40103 SET @OLD_TIME_ZONE=@@TIME_ZONE */;
/*!40103 SET TIME_ZONE='+00:00' */;
/*!40014 SET @OLD_UNIQUE_CHECKS=@@UNIQUE_CHECKS, UNIQUE_CHECKS=0 */;
/*!40014 SET @OLD_FOREIGN_KEY_CHECKS=@@FOREIGN_KEY_CHECKS, FOREIGN_KEY_CHECKS=0 */;
/*!40101 SET @OLD_SQL_MODE=@@SQL_MODE, SQL_MODE='NO_AUTO_VALUE_ON_ZERO' */;
/*!40111 SET @OLD_SQL_NOTES=@@SQL_NOTES, SQL_NOTES=0 */;

--
-- Temporary view structure for view `VNamnAlder`
--

DROP TABLE IF EXISTS `VNamnAlder`;
/*!50001 DROP VIEW IF EXISTS `VNamnAlder`*/;
SET @saved_cs_client     = @@character_set_client;
SET character_set_client = utf8;
/*!50001 CREATE VIEW `VNamnAlder` AS SELECT 
 1 AS `Namn`,
 1 AS `Ålder`*/;
SET character_set_client = @saved_cs_client;

--
-- Temporary view structure for view `Vlarare`
--

DROP TABLE IF EXISTS `Vlarare`;
/*!50001 DROP VIEW IF EXISTS `Vlarare`*/;
SET @saved_cs_client     = @@character_set_client;
SET character_set_client = utf8;
/*!50001 CREATE VIEW `Vlarare` AS SELECT 
 1 AS `akronym`,
 1 AS `avdelning`,
 1 AS `fornamn`,
 1 AS `efternamn`,
 1 AS `kon`,
 1 AS `lon`,
 1 AS `fodd`,
 1 AS `kompetens`,
 1 AS `Ålder`*/;
SET character_set_client = @saved_cs_client;

--
-- Temporary view structure for view `Vplanering`
--

DROP TABLE IF EXISTS `Vplanering`;
/*!50001 DROP VIEW IF EXISTS `Vplanering`*/;
SET @saved_cs_client     = @@character_set_client;
SET character_set_client = utf8;
/*!50001 CREATE VIEW `Vplanering` AS SELECT 
 1 AS `kod`,
 1 AS `namn`,
 1 AS `poang`,
 1 AS `niva`,
 1 AS `id`,
 1 AS `kurskod`,
 1 AS `kursansvarig`,
 1 AS `lasperiod`,
 1 AS `akronym`,
 1 AS `avdelning`,
 1 AS `fornamn`,
 1 AS `efternamn`,
 1 AS `kon`,
 1 AS `lon`,
 1 AS `fodd`,
 1 AS `kompetens`,
 1 AS `Ålder`*/;
SET character_set_client = @saved_cs_client;

--
-- Table structure for table `kurs`
--

DROP TABLE IF EXISTS `kurs`;
/*!40101 SET @saved_cs_client     = @@character_set_client */;
/*!40101 SET character_set_client = utf8 */;
CREATE TABLE `kurs` (
  `kod` char(6) COLLATE utf8_swedish_ci NOT NULL,
  `namn` varchar(40) COLLATE utf8_swedish_ci DEFAULT NULL,
  `poang` int(11) DEFAULT NULL,
  `niva` char(3) COLLATE utf8_swedish_ci DEFAULT NULL,
  PRIMARY KEY (`kod`)
) ENGINE=InnoDB DEFAULT CHARSET=utf8 COLLATE=utf8_swedish_ci;
/*!40101 SET character_set_client = @saved_cs_client */;

--
-- Dumping data for table `kurs`
--

LOCK TABLES `kurs` WRITE;
/*!40000 ALTER TABLE `kurs` DISABLE KEYS */;
INSERT INTO `kurs` VALUES ('AST101','Astronomi',5,'G1N'),('DJU101','Skötsel och vård av magiska djur',4,'G1F'),('DRY101','Trolldryckslära',6,'G1N'),('DRY102','Trolldryckslära',6,'G1F'),('KVA101','Kvastflygning',4,'G1N'),('MUG101','Mugglarstudier',6,'G1F'),('SVT101','Försvar mot svartkonster',8,'G1N'),('SVT201','Försvar mot svartkonster',6,'G1F'),('SVT202','Försvar mot svartkonster',6,'G1F'),('SVT401','Försvar mot svartkonster',6,'G2F'),('VAN101','Förvandlingskonst',5,'G1F');
/*!40000 ALTER TABLE `kurs` ENABLE KEYS */;
UNLOCK TABLES;

--
-- Table structure for table `kurstillfalle`
--

DROP TABLE IF EXISTS `kurstillfalle`;
/*!40101 SET @saved_cs_client     = @@character_set_client */;
/*!40101 SET character_set_client = utf8 */;
CREATE TABLE `kurstillfalle` (
  `id` int(11) NOT NULL AUTO_INCREMENT,
  `kurskod` char(6) COLLATE utf8_swedish_ci NOT NULL,
  `kursansvarig` char(3) COLLATE utf8_swedish_ci NOT NULL,
  `lasperiod` int(11) NOT NULL,
  PRIMARY KEY (`id`),
  KEY `kurskod` (`kurskod`),
  KEY `kursansvarig` (`kursansvarig`),
  CONSTRAINT `kurstillfalle_ibfk_1` FOREIGN KEY (`kurskod`) REFERENCES `kurs` (`kod`),
  CONSTRAINT `kurstillfalle_ibfk_2` FOREIGN KEY (`kursansvarig`) REFERENCES `larare` (`akronym`)
) ENGINE=InnoDB AUTO_INCREMENT=47 DEFAULT CHARSET=utf8 COLLATE=utf8_swedish_ci;
/*!40101 SET character_set_client = @saved_cs_client */;

--
-- Dumping data for table `kurstillfalle`
--

LOCK TABLES `kurstillfalle` WRITE;
/*!40000 ALTER TABLE `kurstillfalle` DISABLE KEYS */;
INSERT INTO `kurstillfalle` VALUES (37,'SVT101','gyl',1),(38,'SVT101','gyl',3),(39,'SVT201','ala',1),(40,'SVT202','ala',2),(41,'SVT401','sna',1),(42,'KVA101','hoc',1),(43,'DJU101','hag',3),(44,'DRY101','sna',2),(45,'DRY102','sna',3),(46,'MUG101','min',4);
/*!40000 ALTER TABLE `kurstillfalle` ENABLE KEYS */;
UNLOCK TABLES;

--
-- Table structure for table `larare`
--

DROP TABLE IF EXISTS `larare`;
/*!40101 SET @saved_cs_client     = @@character_set_client */;
/*!40101 SET character_set_client = utf8 */;
CREATE TABLE `larare` (
  `akronym` char(3) COLLATE utf8_swedish_ci NOT NULL DEFAULT '',
  `avdelning` char(4) COLLATE utf8_swedish_ci DEFAULT NULL,
  `fornamn` varchar(20) COLLATE utf8_swedish_ci DEFAULT NULL,
  `efternamn` varchar(20) COLLATE utf8_swedish_ci DEFAULT NULL,
  `kon` char(1) COLLATE utf8_swedish_ci DEFAULT NULL,
  `lon` int(11) DEFAULT NULL,
  `fodd` date DEFAULT NULL,
  `kompetens` int(11) NOT NULL DEFAULT '1',
  PRIMARY KEY (`akronym`)
) ENGINE=InnoDB DEFAULT CHARSET=utf8 COLLATE=utf8_swedish_ci;
/*!40101 SET character_set_client = @saved_cs_client */;

--
-- Dumping data for table `larare`
--

LOCK TABLES `larare` WRITE;
/*!40000 ALTER TABLE `larare` DISABLE KEYS */;
INSERT INTO `larare` VALUES ('ala','DIPT','Alastor','Moody','M',27594,'1943-04-03',1),('dum','ADM','Albus','Dumbledore','M',85000,'1941-04-01',7),('fil','ADM','Argus','Filch','M',27594,'1946-04-06',3),('gyl','DIPT','Gyllenroy','Lockman','M',27594,'1952-05-02',1),('hag','ADM','Hagrid','Rubeus','M',30000,'1956-05-06',2),('hoc','DIDD','Madam','Hooch','K',37580,'1948-04-08',1),('min','DIDD','Minerva','McGonagall','K',49880,'1955-05-05',2),('sna','DIPT','Severus','Snape','M',45000,'1951-05-01',2);
/*!40000 ALTER TABLE `larare` ENABLE KEYS */;
UNLOCK TABLES;

--
-- Table structure for table `larare_pre`
--

DROP TABLE IF EXISTS `larare_pre`;
/*!40101 SET @saved_cs_client     = @@character_set_client */;
/*!40101 SET character_set_client = utf8 */;
CREATE TABLE `larare_pre` (
  `akronym` char(3) NOT NULL DEFAULT '',
  `avdelning` char(4) DEFAULT NULL,
  `fornamn` varchar(20) DEFAULT NULL,
  `efternamn` varchar(20) DEFAULT NULL,
  `kon` char(1) DEFAULT NULL,
  `lon` int(11) DEFAULT NULL,
  `fodd` date DEFAULT NULL,
  `kompetens` int(11) NOT NULL DEFAULT '1',
  PRIMARY KEY (`akronym`)
) ENGINE=InnoDB DEFAULT CHARSET=latin1;
/*!40101 SET character_set_client = @saved_cs_client */;

--
-- Dumping data for table `larare_pre`
--

LOCK TABLES `larare_pre` WRITE;
/*!40000 ALTER TABLE `larare_pre` DISABLE KEYS */;
INSERT INTO `larare_pre` VALUES ('ala','DIPT','Alastor','Moody','M',30000,'1943-04-03',1),('dum','ADM','Albus','Dumbledore','M',80000,'1941-04-01',1),('fil','ADM','Argus','Filch','M',25000,'1946-04-06',1),('gyl','DIPT','Gyllenroy','Lockman','M',30000,'1952-05-02',1),('hag','ADM','Hagrid','Rubeus','M',25000,'1956-05-06',1),('hoc','DIDD','Madam','Hooch','K',35000,'1948-04-08',1),('min','DIDD','Minerva','McGonagall','K',40000,'1955-05-05',1),('sna','DIPT','Severus','Snape','M',40000,'1951-05-01',1);
/*!40000 ALTER TABLE `larare_pre` ENABLE KEYS */;
UNLOCK TABLES;

--
-- Table structure for table `person`
--

DROP TABLE IF EXISTS `person`;
/*!40101 SET @saved_cs_client     = @@character_set_client */;
/*!40101 SET character_set_client = utf8 */;
CREATE TABLE `person` (
  `fornamn` varchar(10) COLLATE utf8_swedish_ci DEFAULT NULL
) ENGINE=InnoDB DEFAULT CHARSET=utf8 COLLATE=utf8_swedish_ci;
/*!40101 SET character_set_client = @saved_cs_client */;

--
-- Dumping data for table `person`
--

LOCK TABLES `person` WRITE;
/*!40000 ALTER TABLE `person` DISABLE KEYS */;
INSERT INTO `person` VALUES ('Örjan'),('Börje'),('Bo'),('Øjvind'),('Åke'),('Åkesson'),('Arne'),('Ängla'),('Ægir');
/*!40000 ALTER TABLE `person` ENABLE KEYS */;
UNLOCK TABLES;

--
-- Table structure for table `t1`
--

DROP TABLE IF EXISTS `t1`;
/*!40101 SET @saved_cs_client     = @@character_set_client */;
/*!40101 SET character_set_client = utf8 */;
CREATE TABLE `t1` (
  `i` int(11) DEFAULT NULL
) ENGINE=InnoDB DEFAULT CHARSET=utf8 COLLATE=utf8_swedish_ci;
/*!40101 SET character_set_client = @saved_cs_client */;

--
-- Dumping data for table `t1`
--

LOCK TABLES `t1` WRITE;
/*!40000 ALTER TABLE `t1` DISABLE KEYS */;
/*!40000 ALTER TABLE `t1` ENABLE KEYS */;
UNLOCK TABLES;

--
-- Table structure for table `t2`
--

DROP TABLE IF EXISTS `t2`;
/*!40101 SET @saved_cs_client     = @@character_set_client */;
/*!40101 SET character_set_client = utf8 */;
CREATE TABLE `t2` (
  `i` int(11) DEFAULT NULL
) ENGINE=InnoDB DEFAULT CHARSET=utf8 COLLATE=utf8_swedish_ci;
/*!40101 SET character_set_client = @saved_cs_client */;

--
-- Dumping data for table `t2`
--

LOCK TABLES `t2` WRITE;
/*!40000 ALTER TABLE `t2` DISABLE KEYS */;
/*!40000 ALTER TABLE `t2` ENABLE KEYS */;
UNLOCK TABLES;

--
-- Final view structure for view `VNamnAlder`
--

/*!50001 DROP VIEW IF EXISTS `VNamnAlder`*/;
/*!50001 SET @saved_cs_client          = @@character_set_client */;
/*!50001 SET @saved_cs_results         = @@character_set_results */;
/*!50001 SET @saved_col_connection     = @@collation_connection */;
/*!50001 SET character_set_client      = utf8 */;
/*!50001 SET character_set_results     = utf8 */;
/*!50001 SET collation_connection      = utf8_general_ci */;
/*!50001 CREATE ALGORITHM=UNDEFINED */
/*!50013 DEFINER=`user`@`localhost` SQL SECURITY DEFINER */
/*!50001 VIEW `VNamnAlder` AS select concat(`larare`.`fornamn`,' ',`larare`.`efternamn`,' (',lcase(`larare`.`avdelning`),')') AS `Namn`,timestampdiff(YEAR,`larare`.`fodd`,curdate()) AS `Ålder` from `larare` */;
/*!50001 SET character_set_client      = @saved_cs_client */;
/*!50001 SET character_set_results     = @saved_cs_results */;
/*!50001 SET collation_connection      = @saved_col_connection */;

--
-- Final view structure for view `Vlarare`
--

/*!50001 DROP VIEW IF EXISTS `Vlarare`*/;
/*!50001 SET @saved_cs_client          = @@character_set_client */;
/*!50001 SET @saved_cs_results         = @@character_set_results */;
/*!50001 SET @saved_col_connection     = @@collation_connection */;
/*!50001 SET character_set_client      = utf8 */;
/*!50001 SET character_set_results     = utf8 */;
/*!50001 SET collation_connection      = utf8_general_ci */;
/*!50001 CREATE ALGORITHM=UNDEFINED */
/*!50013 DEFINER=`user`@`localhost` SQL SECURITY DEFINER */
/*!50001 VIEW `Vlarare` AS select `larare`.`akronym` AS `akronym`,`larare`.`avdelning` AS `avdelning`,`larare`.`fornamn` AS `fornamn`,`larare`.`efternamn` AS `efternamn`,`larare`.`kon` AS `kon`,`larare`.`lon` AS `lon`,`larare`.`fodd` AS `fodd`,`larare`.`kompetens` AS `kompetens`,timestampdiff(YEAR,`larare`.`fodd`,curdate()) AS `Ålder` from `larare` */;
/*!50001 SET character_set_client      = @saved_cs_client */;
/*!50001 SET character_set_results     = @saved_cs_results */;
/*!50001 SET collation_connection      = @saved_col_connection */;

--
-- Final view structure for view `Vplanering`
--

/*!50001 DROP VIEW IF EXISTS `Vplanering`*/;
/*!50001 SET @saved_cs_client          = @@character_set_client */;
/*!50001 SET @saved_cs_results         = @@character_set_results */;
/*!50001 SET @saved_col_connection     = @@collation_connection */;
/*!50001 SET character_set_client      = utf8 */;
/*!50001 SET character_set_results     = utf8 */;
/*!50001 SET collation_connection      = utf8_general_ci */;
/*!50001 CREATE ALGORITHM=UNDEFINED */
/*!50013 DEFINER=`user`@`localhost` SQL SECURITY DEFINER */
/*!50001 VIEW `Vplanering` AS select 1 AS `kod`,1 AS `namn`,1 AS `poang`,1 AS `niva`,1 AS `id`,1 AS `kurskod`,1 AS `kursansvarig`,1 AS `lasperiod`,1 AS `akronym`,1 AS `avdelning`,1 AS `fornamn`,1 AS `efternamn`,1 AS `kon`,1 AS `lon`,1 AS `fodd`,1 AS `kompetens`,1 AS `Ålder` */;
/*!50001 SET character_set_client      = @saved_cs_client */;
/*!50001 SET character_set_results     = @saved_cs_results */;
/*!50001 SET collation_connection      = @saved_col_connection */;
/*!40103 SET TIME_ZONE=@OLD_TIME_ZONE */;

/*!40101 SET SQL_MODE=@OLD_SQL_MODE */;
/*!40014 SET FOREIGN_KEY_CHECKS=@OLD_FOREIGN_KEY_CHECKS */;
/*!40014 SET UNIQUE_CHECKS=@OLD_UNIQUE_CHECKS */;
/*!40101 SET CHARACTER_SET_CLIENT=@OLD_CHARACTER_SET_CLIENT */;
/*!40101 SET CHARACTER_SET_RESULTS=@OLD_CHARACTER_SET_RESULTS */;
/*!40101 SET COLLATION_CONNECTION=@OLD_COLLATION_CONNECTION */;
/*!40111 SET SQL_NOTES=@OLD_SQL_NOTES */;

-- Dump completed on 2018-01-17 10:42:20
